{
  "NOTARY": 0.6917309496100229,
  "COURT": 0.9353841572471978,
  "COURT_STREET": 0.8554434200864813,
  "COURT_POSTAL_CODE": 0.9114513160835624,
  "COURT_LOCATION": 0.8165295697075358,
  "HRA/HRB": 0.9047183777175469,
  "COMPANY": 0.7684109161466047,
  "NAME": 0.8880875262360495,
  "BIRTH_DATE": 0.9793480052117975,
  "NAME_STREET": 0.7755297755192775,
  "NAME_POSTAL_CODE": 0.7499265431049317,
  "NAME_LOCATION": 0.6877290169410472,
  "DATE": 0.9513861431433193,
  "DOCUMENT_NUMBER": 0.8248914242412196,
  "COMPANY_STREET": 0.7169879685975751,
  "COMPANY_POSTAL_CODE": 0.7391241754878118,
  "COMPANY_LOCATION": 0.7521011656245641,
  "NOTARY_LOCATION": 0.6590804688026696,
  "LOCATION": 0.11574074074074074,
  "NOTARY_POSTAL_CODE": 0.5055186613125174,
  "NOTARY_STREET": 0.5093765341188022
}