{
  "Precision": 0.816,
  "Recall": 0.7928251121076233,
  "F1 score": 0.8042456406368461,
  "Entities per type": {
    "NOTARY": {
      "p": 0.806060606060606,
      "r": 0.6456310679611651,
      "f": 0.7169811320754716
    },
    "COURT": {
      "p": 0.9518716577540107,
      "r": 0.9035532994923858,
      "f": 0.9270833333333334
    },
    "COURT_STREET": {
      "p": 0.9607843137254902,
      "r": 0.9423076923076923,
      "f": 0.9514563106796117
    },
    "COURT_POSTAL_CODE": {
      "p": 0.926829268292683,
      "r": 0.9382716049382716,
      "f": 0.9325153374233128
    },
    "COURT_LOCATION": {
      "p": 0.744,
      "r": 0.8532110091743119,
      "f": 0.7948717948717948
    },
    "HRA/HRB": {
      "p": 0.89937106918239,
      "r": 0.9225806451612903,
      "f": 0.910828025477707
    },
    "COMPANY": {
      "p": 0.8406374501992032,
      "r": 0.6986754966887417,
      "f": 0.763110307414105
    },
    "NAME": {
      "p": 0.8976545842217484,
      "r": 0.8752598752598753,
      "f": 0.8863157894736843
    },
    "BIRTH_DATE": {
      "p": 0.9743589743589743,
      "r": 0.9325153374233128,
      "f": 0.9529780564263322
    },
    "NAME_STREET": {
      "p": 0.7889908256880734,
      "r": 0.8037383177570093,
      "f": 0.7962962962962964
    },
    "NAME_POSTAL_CODE": {
      "p": 0.768,
      "r": 0.7384615384615385,
      "f": 0.7529411764705882
    },
    "NAME_LOCATION": {
      "p": 0.7055214723926381,
      "r": 0.6647398843930635,
      "f": 0.6845238095238095
    },
    "DATE": {
      "p": 0.9361702127659575,
      "r": 0.9617486338797814,
      "f": 0.948787061994609
    },
    "DOCUMENT_NUMBER": {
      "p": 0.76,
      "r": 0.8539325842696629,
      "f": 0.8042328042328041
    },
    "COMPANY_STREET": {
      "p": 0.8235294117647058,
      "r": 0.6666666666666666,
      "f": 0.7368421052631577
    },
    "COMPANY_POSTAL_CODE": {
      "p": 0.75,
      "r": 0.8372093023255814,
      "f": 0.7912087912087912
    },
    "COMPANY_LOCATION": {
      "p": 0.6854838709677419,
      "r": 0.8018867924528302,
      "f": 0.7391304347826086
    },
    "NOTARY_LOCATION": {
      "p": 0.7542372881355932,
      "r": 0.5085714285714286,
      "f": 0.6075085324232081
    },
    "LOCATION": {
      "p": 0.0,
      "r": 0.0,
      "f": 0.0
    },
    "NOTARY_POSTAL_CODE": {
      "p": 0.5238095238095238,
      "r": 0.46808510638297873,
      "f": 0.49438202247191015
    },
    "NOTARY_STREET": {
      "p": 0.5625,
      "r": 0.5510204081632653,
      "f": 0.5567010309278351
    }
  }
}