{
  "Precision": 0.8081161861824508,
  "Recall": 0.80187478558071,
  "F1 score": 0.8049829443667329,
  "Entities per type": {
    "COURT": {
      "p": 0.9214649620301836,
      "r": 0.954414191419142,
      "f": 0.9375933114362496
    },
    "COURT_STREET": {
      "p": 0.9098143236074271,
      "r": 0.9614814814814814,
      "f": 0.9348739495798319
    },
    "COURT_POSTAL_CODE": {
      "p": 0.8125,
      "r": 0.963109756097561,
      "f": 0.8813840653728293
    },
    "COURT_LOCATION": {
      "p": 0.7940613026819923,
      "r": 0.8806397306397307,
      "f": 0.8348970944309928
    },
    "COMPANY": {
      "p": 0.7995211636626463,
      "r": 0.7878641628641628,
      "f": 0.7934222677154841
    },
    "HRA/HRB": {
      "p": 0.9397644927536232,
      "r": 0.9021521521521522,
      "f": 0.9203839638622248
    },
    "NAME_POSTAL_CODE": {
      "p": 0.6180451127819548,
      "r": 0.8631462876745896,
      "f": 0.7202061504387087
    },
    "NAME_LOCATION": {
      "p": 0.5876667465452512,
      "r": 0.7624156545209176,
      "f": 0.6632585415604283
    },
    "NAME": {
      "p": 0.8552031681586741,
      "r": 0.8850279767632488,
      "f": 0.8696048736834858
    },
    "NOTARY": {
      "p": 0.6980861244019139,
      "r": 0.6944128787878787,
      "f": 0.6962398857686816
    },
    "NOTARY_LOCATION": {
      "p": 0.782317227422211,
      "r": 0.5633839706652698,
      "f": 0.6550181592700859
    },
    "LOCATION": {
      "p": 0.16666666666666666,
      "r": 0.3333333333333333,
      "f": 0.2222222222222222
    },
    "DATE": {
      "p": 0.9664291072768192,
      "r": 0.9474189675870348,
      "f": 0.9565843054407397
    },
    "NOTARY_STREET": {
      "p": 0.6071428571428572,
      "r": 0.34523809523809523,
      "f": 0.4380952380952381
    },
    "COMPANY_LOCATION": {
      "p": 0.7865648050579557,
      "r": 0.6823769679184677,
      "f": 0.7307652951007926
    },
    "NOTARY_POSTAL_CODE": {
      "p": 0.8235294117647058,
      "r": 0.3813405797101449,
      "f": 0.5016260162601626
    },
    "COMPANY_STREET": {
      "p": 0.888030888030888,
      "r": 0.6699561403508771,
      "f": 0.7636363636363637
    },
    "COMPANY_POSTAL_CODE": {
      "p": 0.7848284415047541,
      "r": 0.6052695483244293,
      "f": 0.6823620823620824
    },
    "DOCUMENT_NUMBER": {
      "p": 0.8601524879614767,
      "r": 0.836715282181357,
      "f": 0.8479562613902629
    },
    "BIRTH_DATE": {
      "p": 0.9943181818181819,
      "r": 0.9820072881870634,
      "f": 0.9881240631845959
    },
    "NAME_STREET": {
      "p": 0.7393108651911469,
      "r": 0.8865440115440115,
      "f": 0.8055223880597016
    }
  }
}