{
  "Precision": 0.8117824773413898,
  "Recall": 0.803288490284006,
  "F1 score": 0.8075131480090159,
  "Entities per type": {
    "NOTARY": {
      "p": 0.6409090909090909,
      "r": 0.6844660194174758,
      "f": 0.6619718309859154
    },
    "COURT": {
      "p": 0.9438775510204082,
      "r": 0.9390862944162437,
      "f": 0.94147582697201
    },
    "COURT_STREET": {
      "p": 0.7083333333333334,
      "r": 0.6538461538461539,
      "f": 0.68
    },
    "COURT_POSTAL_CODE": {
      "p": 0.8526315789473684,
      "r": 1.0,
      "f": 0.9204545454545454
    },
    "COURT_LOCATION": {
      "p": 0.8053097345132744,
      "r": 0.8348623853211009,
      "f": 0.8198198198198198
    },
    "HRA/HRB": {
      "p": 0.9166666666666666,
      "r": 0.8516129032258064,
      "f": 0.882943143812709
    },
    "COMPANY": {
      "p": 0.7854545454545454,
      "r": 0.7152317880794702,
      "f": 0.7487001733102253
    },
    "NAME": {
      "p": 0.9,
      "r": 0.9168399168399168,
      "f": 0.9083419155509784
    },
    "BIRTH_DATE": {
      "p": 0.9939024390243902,
      "r": 1.0,
      "f": 0.9969418960244648
    },
    "NAME_STREET": {
      "p": 0.7117117117117117,
      "r": 0.7383177570093458,
      "f": 0.7247706422018348
    },
    "NAME_POSTAL_CODE": {
      "p": 0.7018633540372671,
      "r": 0.8692307692307693,
      "f": 0.7766323024054983
    },
    "NAME_LOCATION": {
      "p": 0.6523809523809524,
      "r": 0.791907514450867,
      "f": 0.7154046997389034
    },
    "DATE": {
      "p": 0.9361702127659575,
      "r": 0.9617486338797814,
      "f": 0.948787061994609
    },
    "DOCUMENT_NUMBER": {
      "p": 0.86875,
      "r": 0.7808988764044944,
      "f": 0.8224852071005918
    },
    "COMPANY_LOCATION": {
      "p": 0.81,
      "r": 0.7641509433962265,
      "f": 0.7864077669902914
    },
    "COMPANY_STREET": {
      "p": 0.6633663366336634,
      "r": 0.638095238095238,
      "f": 0.6504854368932038
    },
    "COMPANY_POSTAL_CODE": {
      "p": 0.7964601769911505,
      "r": 0.6976744186046512,
      "f": 0.7438016528925621
    },
    "NOTARY_LOCATION": {
      "p": 0.7531645569620253,
      "r": 0.68,
      "f": 0.7147147147147146
    },
    "LOCATION": {
      "p": 0.09090909090909091,
      "r": 0.2,
      "f": 0.12500000000000003
    },
    "NOTARY_POSTAL_CODE": {
      "p": 0.7307692307692307,
      "r": 0.40425531914893614,
      "f": 0.5205479452054794
    },
    "NOTARY_STREET": {
      "p": 0.7692307692307693,
      "r": 0.40816326530612246,
      "f": 0.5333333333333333
    }
  }
}