{
  "Precision": 0.8146788990825689,
  "Recall": 0.7964125560538117,
  "F1 score": 0.8054421768707484
}