{
  "Precision": 0.8159784560143627,
  "Recall": 0.8152466367713005,
  "F1 score": 0.8156123822341856
}