{
  "Precision": 0.8109923664122137,
  "Recall": 0.7940209267563527,
  "F1 score": 0.802416918429003
}