{
  "Precision": 0.8347957639939486,
  "Recall": 0.824813153961136,
  "F1 score": 0.8297744360902255
}