{
  "Precision": 0.8308733087330873,
  "Recall": 0.8077727952167414,
  "F1 score": 0.819160224344399
}