{
  "Precision": 0.8885836385836385,
  "Recall": 0.870254110612855,
  "F1 score": 0.8793233650505965
}