{
  "Precision": 0.9132699969353356,
  "Recall": 0.890881913303438,
  "F1 score": 0.9019370460048426
}