{
  "Precision": 0.8765880217785844,
  "Recall": 0.8663677130044843,
  "F1 score": 0.871447902571042
}