{
  "Precision": 0.9154106428791141,
  "Recall": 0.8896860986547085,
  "F1 score": 0.9023650697392359
}