{
  "Precision": 0.9068056407112202,
  "Recall": 0.884304932735426,
  "F1 score": 0.8954139548963221
}