{
  "NOTARY": 0.6970277535313323,
  "COURT": 0.9429688818465362,
  "STREET": 0.8694394868809612,
  "POSTAL_CODE": 0.9833057167346059,
  "LOCATION": 0.8964484725746461,
  "HRA/HRB": 0.8930791309451954,
  "COMPANY": 0.7674927708122241,
  "NAME": 0.8916390708978451,
  "DATE": 0.9845868622170153,
  "DOCUMENT_NUMBER": 0.8355354196535311
}