{
  "Precision": 0.9051297898640297,
  "Recall": 0.8756352765321376,
  "F1 score": 0.8901382768576205,
  "Entities per type": {
    "NOTARY": {
      "p": 0.7303370786516854,
      "r": 0.6310679611650486,
      "f": 0.6770833333333335
    },
    "COURT": {
      "p": 0.9680851063829787,
      "r": 0.9238578680203046,
      "f": 0.9454545454545454
    },
    "STREET": {
      "p": 0.9491525423728814,
      "r": 0.8945686900958466,
      "f": 0.9210526315789473
    },
    "POSTAL_CODE": {
      "p": 0.979539641943734,
      "r": 0.9896640826873385,
      "f": 0.9845758354755785
    },
    "LOCATION": {
      "p": 0.892998678996037,
      "r": 0.8666666666666667,
      "f": 0.8796356538711776
    },
    "HRA/HRB": {
      "p": 0.9166666666666666,
      "r": 0.9225806451612903,
      "f": 0.9196141479099678
    },
    "COMPANY": {
      "p": 0.761437908496732,
      "r": 0.7715231788079471,
      "f": 0.7664473684210527
    },
    "NAME": {
      "p": 0.921875,
      "r": 0.8586278586278586,
      "f": 0.8891280947255114
    },
    "DATE": {
      "p": 0.9912280701754386,
      "r": 0.9797687861271677,
      "f": 0.9854651162790699
    },
    "DOCUMENT_NUMBER": {
      "p": 0.8571428571428571,
      "r": 0.8426966292134831,
      "f": 0.8498583569405099
    }
  }
}