{
  "Precision": 0.9074258496534693,
  "Recall": 0.8861380749212333,
  "F1 score": 0.8966516641764366,
  "Entities per type": {
    "COURT": {
      "p": 0.9172641509433963,
      "r": 0.9591068481848184,
      "f": 0.9377156659765356
    },
    "STREET": {
      "p": 0.9432439642523676,
      "r": 0.9051604190538549,
      "f": 0.9236294654275727
    },
    "POSTAL_CODE": {
      "p": 0.9820634920634921,
      "r": 0.9871431626216187,
      "f": 0.9845967704406906
    },
    "LOCATION": {
      "p": 0.8890006260239487,
      "r": 0.8833305934571758,
      "f": 0.8861387940390164
    },
    "COMPANY": {
      "p": 0.8022875816993464,
      "r": 0.7716303966303966,
      "f": 0.7864627229448077
    },
    "HRA/HRB": {
      "p": 0.9165959613100289,
      "r": 0.9089089089089089,
      "f": 0.9124894869638351
    },
    "NAME": {
      "p": 0.8940288960794642,
      "r": 0.870104066431448,
      "f": 0.8819036373954271
    },
    "NOTARY": {
      "p": 0.7922979797979798,
      "r": 0.6508522727272728,
      "f": 0.7145180619756891
    },
    "DATE": {
      "p": 0.9907407407407407,
      "r": 0.9919786096256684,
      "f": 0.9912839761191024
    },
    "DOCUMENT_NUMBER": {
      "p": 0.8966718816669037,
      "r": 0.8464806594800254,
      "f": 0.8708400429414922
    }
  }
}