{
  "Precision": 0.8856278366111952,
  "Recall": 0.8750373692077728,
  "F1 score": 0.8803007518796993,
  "Entities per type": {
    "NOTARY": {
      "p": 0.75,
      "r": 0.6553398058252428,
      "f": 0.6994818652849742
    },
    "COURT": {
      "p": 0.9631578947368421,
      "r": 0.9289340101522843,
      "f": 0.9457364341085271
    },
    "STREET": {
      "p": 0.791095890410959,
      "r": 0.7380191693290735,
      "f": 0.7636363636363637
    },
    "POSTAL_CODE": {
      "p": 0.9744897959183674,
      "r": 0.9870801033591732,
      "f": 0.9807445442875482
    },
    "LOCATION": {
      "p": 0.9253539253539254,
      "r": 0.9217948717948717,
      "f": 0.9235709698137444
    },
    "HRA/HRB": {
      "p": 0.8364779874213837,
      "r": 0.8580645161290322,
      "f": 0.8471337579617835
    },
    "COMPANY": {
      "p": 0.7833935018050542,
      "r": 0.7185430463576159,
      "f": 0.7495682210708118
    },
    "NAME": {
      "p": 0.8893360160965795,
      "r": 0.918918918918919,
      "f": 0.9038854805725971
    },
    "DATE": {
      "p": 0.9714285714285714,
      "r": 0.9826589595375722,
      "f": 0.9770114942528735
    },
    "DOCUMENT_NUMBER": {
      "p": 0.7591623036649214,
      "r": 0.8146067415730337,
      "f": 0.7859078590785907
    }
  }
}